<beans xmlns="http://www.springframework.org/schema/beans"
	xmlns:xsi="http://www.w3.org/2001/XMLSchema-instance" xmlns:context="http://www.springframework.org/schema/context"
	xsi:schemaLocation="http://www.springframework.org/schema/beans
     http://www.springframework.org/schema/beans/spring-beans-3.0.xsd
     http://www.springframework.org/schema/context
     http://www.springframework.org/schema/context/spring-context-3.0.xsd">
	
<!-- <context:component-scan  base-package="com.emp"/> -->

<bean id="employeeController" class="com.emp.controller.EmployeeController" autowire="byType">
	<!-- <property name="employeeService" ref="employeeService"/> -->
</bean>

<bean id="employeeService" class="com.emp.service.EmployeeServiceImpl" autowire="byType">
	<!-- <property name="employeeDao" ref="employeeDao"/> -->
</bean>

<bean id="employeeDao" class="com.emp.dao.EmployeeDaoImpl">

</bean>

</beans>